{
    "activity_id": "7786997882",
    "elapsed_time_seconds": 19580,
    "moving_time_seconds": 19561,
    "distance_meters": 121254.0,
    "photos": [
        "32D203E0-BE10-447A-BD22-1E9B2FCEB970"
    ],
    "max_height": 666.4,
    "min_height": -5.6,
    "elevation_gain": 2198.600000000157,
    "elevation_loss": 1548.4000000000337
}