{
    "activity_id": "15495433867",
    "elapsed_time_seconds": 7479,
    "moving_time_seconds": 6306,
    "distance_meters": 8209.8,
    "photos": [
        "AC607912-8CE8-4B10-917F-1C904F41BC71"
    ],
    "max_height": 48.6,
    "min_height": 0.0,
    "elevation_gain": 90.09999999999917,
    "elevation_loss": 96.39999999999964
}