{
    "activity_id": "9817035495",
    "elapsed_time_seconds": 18950,
    "moving_time_seconds": 18950,
    "distance_meters": 121115.0,
    "photos": [
        "01B7A333-CAE2-47EF-9A22-81EFC44DDCB1"
    ],
    "max_height": 670.0,
    "min_height": 0.2,
    "elevation_gain": 2146.600000000203,
    "elevation_loss": 1494.600000000027
}