{
    "activity_id": "9675459711",
    "elapsed_time_seconds": 12553,
    "moving_time_seconds": 11558,
    "distance_meters": 12574.2,
    "photos": [
        "728E09CD-5A18-4CD7-9F40-AD83CB50EE2F"
    ],
    "max_height": 1.7,
    "min_height": -0.9,
    "elevation_gain": 9.299999999999994,
    "elevation_loss": 9.99999999999999
}