{
    "activity_id": "9688896798",
    "elapsed_time_seconds": 3779,
    "moving_time_seconds": 3347,
    "distance_meters": 3838.5,
    "photos": [],
    "max_height": 3.7,
    "min_height": -0.6,
    "elevation_gain": 8.199999999999996,
    "elevation_loss": 9.599999999999994
}