{
    "activity_id": "7362971051",
    "elapsed_time_seconds": 12277,
    "moving_time_seconds": 11076,
    "distance_meters": 12619.2,
    "photos": [
        "BF9765F4-9EDA-4FB6-9789-9C52F219914E"
    ],
    "max_height": 119.2,
    "min_height": 3.0,
    "elevation_gain": 331.8000000000044,
    "elevation_loss": 324.80000000000325
}