{
    "activity_id": "9681782216",
    "elapsed_time_seconds": 9957,
    "moving_time_seconds": 5179,
    "distance_meters": 4727.4,
    "photos": [
        "3A014D36-F7F2-4A4B-9B5E-F3576F062F2F"
    ],
    "max_height": 20.3,
    "min_height": -3.3,
    "elevation_gain": 103.39999999999965,
    "elevation_loss": 93.29999999999984
}