{
    "activity_id": "9675459494",
    "elapsed_time_seconds": 7506,
    "moving_time_seconds": 4586,
    "distance_meters": 4500.9,
    "photos": [
        "51A8384C-6A78-4DA5-8E1E-B5239AFB8A31"
    ],
    "max_height": 14.4,
    "min_height": -1.6,
    "elevation_gain": 45.30000000000001,
    "elevation_loss": 35.99999999999999
}